
{
  "processing": "⚡",
  "success": "✅",
  "error": "❌",
  "loading": "🔄",
  "search": "🔍",
  "download": "📥",
  "upload": "📤",
  "music": "🎵",
  "video": "📹",
  "image": "🖼️",
  "ai": "🤖",
  "fire": "🔥",
  "star": "⭐",
  "rocket": "🚀",
  "heart": "❤️",
  "thumbsup": "👍",
  "warning": "⚠️",
  "info": "ℹ️",
  "cool": "😎",
  "party": "🎉",
  "magic": "✨",
  "crown": "👑",
  "diamond": "💎",
  "lightning": "⚡",
  "globe": "🌐",
  "gear": "⚙️",
  "shield": "🛡️",
  "target": "🎯"
}
